claim_id,score
WC711348,0.00014233
WC711349,0.00713242
WC711350,0.00010985
WC711351,0.00111796
WC711352,0.00638248
WC711353,0.00039677
WC711354,0.00030341
WC711355,0.0025166
WC711356,0.00304138
WC711357,0.00111492
WC711358,0.00041527
WC711359,8.968e-05
WC711360,6.794e-05
WC711361,0.00107414
WC711362,0.00297773
WC711363,0.00146742
WC711364,0.00087152
WC711365,0.00945086
WC711366,0.00144134
WC711367,0.00024816
WC711368,0.00127701
WC711369,0.00053308
WC711370,0.06338647
WC711371,0.04360293
WC711372,0.00015625
WC711373,0.00393933
WC711374,0.0081641
WC711375,0.17450724
WC711376,0.00153362
WC711377,0.00060199
WC711378,0.00509981
WC711379,0.01595654
WC711380,0.00655124
WC711381,0.00034266
WC711382,0.01671334
WC711383,0.02506864
WC711384,0.00525408
WC711385,0.00020356
WC711386,0.00429377
WC711387,0.00024178
WC711388,0.00243237
WC711389,0.13063153
WC711390,0.00174274
WC711391,0.00375628
WC711392,0.04537828
WC711393,0.0025182
WC711394,0.0052348
WC711395,0.00569853
WC711396,0.00261997
WC711397,0.01997215
WC711398,0.00743988
WC711399,0.00035802
WC711400,0.00323661
WC711401,0.00575175
WC711402,0.00197131
WC711403,0.0075141
WC711404,0.00064712
WC711405,0.00123319
WC711406,0.00168281
WC711407,0.01454318
WC711408,0.0034539
WC711409,0.01759687
WC711410,0.19243564
WC711411,0.00212407
WC711412,0.00128682
WC711413,7.945e-05
WC711414,0.00143279
WC711415,0.00603513
WC711416,0.00527831
WC711417,0.00254369
WC711418,0.79580494
WC711419,0.00178702
WC711420,0.01487883
WC711421,0.00699812
WC711422,0.00229982
WC711423,0.00110727
WC711424,0.00447877
WC711425,0.0019633
WC711426,0.02377578
WC711427,0.12381997
WC711428,0.01007807
WC711429,0.00795861
WC711430,0.00207371
WC711431,0.00075204
WC711432,0.00502312
WC711433,0.00681567
WC711434,0.00495227
WC711435,0.00283962
WC711436,0.03510983
WC711437,0.00248944
WC711438,0.00083807
WC711439,0.00832596
WC711440,0.00156541
WC711441,0.0006993
WC711442,0.00068898
WC711443,0.00091771
WC711444,0.00018757
WC711445,0.00686886
WC711446,0.01218884
WC711447,0.00466166
WC711448,0.00042318
WC711449,0.00084223
WC711450,0.00619293
WC711451,0.02163992
WC711452,0.00119822
WC711453,0.01062315
WC711454,0.02271484
WC711455,0.05259557
WC711456,0.00040386
WC711457,0.01282134
WC711458,0.00449754
WC711459,0.02370947
WC711460,0.0003356
WC711461,0.01133444
WC711462,0.00031728
WC711463,0.00416428
WC711464,0.22951842
WC711465,0.01329768
WC711466,0.00783356
WC711467,0.31080616
WC711468,0.15529576
WC711469,0.0053769
WC711470,0.00389909
WC711471,0.1014645
WC711472,0.00553868
WC711473,0.00253645
WC711474,0.00837972
WC711475,0.00110508
WC711476,0.00614262
WC711477,0.00068921
WC711478,0.01467101
WC711479,0.00493006
WC711480,0.00156936
WC711481,0.00738692
WC711482,0.01315421
WC711483,0.00793328
WC711484,0.00099526
WC711485,0.00321501
WC711486,0.00334109
WC711487,0.00115479
WC711488,0.00155032
WC711489,0.00622606
WC711490,0.00416989
WC711491,0.00565401
WC711492,0.00503821
WC711493,0.00155585
WC711494,0.0003995
WC711495,0.00073446
WC711496,0.47286595
WC711497,0.35323957
WC711498,0.00355495
WC711499,0.00885676
WC711500,0.00184177
WC711501,0.00312714
WC711502,0.00139993
WC711503,0.00573003
WC711504,0.0008742
WC711505,0.01407004
WC711506,0.00030316
WC711507,0.00204037
WC711508,0.00170715
WC711509,0.05781367
WC711510,0.02590984
WC711511,0.00332213
WC711512,0.00371271
WC711513,0.01077871
WC711514,0.00123639
WC711515,0.00030274
WC711516,0.00122995
WC711517,0.00437955
WC711518,3.593e-05
WC711519,0.00424343
WC711520,0.00462949
WC711521,0.00210235
WC711522,0.00028281
WC711523,0.00061312
WC711524,0.01045854
WC711525,0.00848596
WC711526,0.00407901
WC711527,0.00037714
WC711528,0.00069447
WC711529,4.058e-05
WC711530,0.0001636
WC711531,0.00191185
WC711532,0.00185067
WC711533,0.00046373
WC711534,0.00027192
WC711535,0.00233257
WC711536,0.00149681
WC711537,0.00133754
WC711538,0.05822564
WC711539,0.00156964
WC711540,0.00103728
WC711541,0.00313896
WC711542,0.00138692
WC711543,0.00255128
WC711544,0.00307568
WC711545,0.00242057
WC711546,0.00690477
WC711547,0.01585369
WC711548,0.0001496
WC711549,0.00145592
WC711550,0.00532248
WC711551,5.143e-05
WC711552,0.01378228
WC711553,0.00082813
WC711554,0.00233437
WC711555,0.00538722
WC711556,0.00082993
WC711557,0.00679185
WC711558,0.00383425
WC711559,0.01387943
WC711560,0.0106494
WC711561,0.02713433
WC711562,0.00240463
WC711563,0.00970817
WC711564,0.00125431
WC711565,0.00089796
WC711566,0.27363787
WC711567,0.02559423
WC711568,0.00395992
WC711569,0.00065882
WC711570,0.45612425
WC711571,0.77614068
WC711572,0.01967378
WC711573,0.00290275
WC711574,0.01487723
WC711575,0.00179021
WC711576,0.00489504
WC711577,0.00161774
WC711578,0.00100015
WC711579,0.00036822
WC711580,0.01242169
WC711581,0.00383382
WC711582,0.00455231
WC711583,0.47101322
WC711584,0.0098921
WC711585,0.00202082
WC711586,0.00038573
WC711587,0.00429013
WC711588,0.00135388
WC711589,0.0036652
WC711590,0.00059849
WC711591,0.00013927
WC711592,0.00121602
WC711593,0.00206605
WC711594,0.00570059
WC711595,0.01913258
WC711596,0.00060722
WC711597,0.00340613
WC711598,2.887e-05
WC711599,0.00021083
WC711600,0.00018944
WC711601,0.12951511
WC711602,0.00617818
WC711603,0.0010749
WC711604,0.02224778
WC711605,4.308e-05
WC711606,0.01264105
WC711607,0.00415726
WC711608,0.06785809
WC711609,0.00110206
WC711610,0.00899433
WC711611,0.00391365
WC711612,0.01381221
WC711613,0.00737007
WC711614,0.00109336
WC711615,0.12660594
WC711616,0.00218558
WC711617,0.00172918
WC711618,0.00595811
WC711619,0.00210145
WC711620,0.00198943
WC711621,0.00322698
WC711622,0.00054144
WC711623,0.00780977
WC711624,0.0029787
WC711625,0.05473834
WC711626,0.00600051
WC711627,0.04407555
WC711628,0.0005442
WC711629,0.00098987
WC711630,0.0034872
WC711631,0.00537917
WC711632,0.00035576
WC711633,0.00404703
WC711634,0.00029993
WC711635,0.00381548
WC711636,0.00069231
WC711637,5.672e-05
WC711638,0.00169989
WC711639,0.00521617
WC711640,0.00033229
WC711641,0.00120189
WC711642,0.0012018
WC711643,0.00029385
WC711644,0.00109813
WC711645,0.00535506
WC711646,0.01931851
WC711647,0.00035921
WC711648,0.0099556
WC711649,0.00050259
WC711650,0.00128232
WC711651,0.00157661
WC711652,0.00404819
WC711653,0.00012808
WC711654,0.00084484
WC711655,0.00279929
WC711656,0.00046197
WC711657,0.00331139
WC711658,0.71958136
WC711659,0.05024752
WC711660,0.0068291
WC711661,0.0210905
WC711662,0.00399276
WC711663,0.00085572
WC711664,0.32375129
WC711665,0.00026889
WC711666,0.00053105
WC711667,0.02600668
WC711668,0.00041715
WC711669,0.00374968
WC711670,0.44814014
WC711671,0.00067007
WC711672,0.00136278
WC711673,0.00047537
WC711674,0.00500723
WC711675,0.00761531
WC711676,0.00028723
WC711677,0.00321993
WC711678,0.0003363
WC711679,0.01207061
WC711680,0.00277364
WC711681,0.00024395
WC711682,0.00597158
WC711683,7.577e-05
WC711684,0.006244
WC711685,0.00045386
WC711686,0.46987573
WC711687,0.00085876
WC711688,0.00254528
WC711689,0.03665952
WC711690,0.00015578
WC711691,0.00035664
WC711692,0.0075852
WC711693,0.0255746
WC711694,0.01041534
WC711695,0.00765046
WC711696,0.00067804
WC711697,0.00130671
WC711698,9.818e-05
WC711699,0.00062778
WC711700,0.00062904
WC711701,0.09232798
WC711702,0.00312585
WC711703,0.3860038
WC711704,0.02013959
WC711705,1.405e-05
WC711706,0.02611272
WC711707,0.00252445
WC711708,0.00019516
WC711709,0.0011949
WC711710,0.0025443
WC711711,0.0057124
WC711712,0.00041562
WC711713,0.00104835
WC711714,3.879e-05
WC711715,0.00433364
WC711716,0.00167848
WC711717,0.02349357
WC711718,0.00142274
WC711719,0.00019859
WC711720,0.01605029
WC711721,0.00032046
WC711722,0.00594497
WC711723,0.00066549
WC711724,0.02829544
WC711725,0.00062628
WC711726,0.13102956
WC711727,0.0086881
WC711728,0.00127948
WC711729,8.799e-05
WC711730,0.01475981
WC711731,0.00263867
WC711732,0.01319931
WC711733,0.00449323
WC711734,0.00136161
WC711735,0.00115856
WC711736,0.00093662
WC711737,0.00387003
WC711738,0.0002372
WC711739,0.01028215
WC711740,0.00022695
WC711741,0.00335876
WC711742,0.00084707
WC711743,0.00018168
WC711744,0.01184212
WC711745,0.0012205
WC711746,0.00073762
WC711747,0.00161145
WC711748,0.00028186
WC711749,0.00065243
WC711750,0.00215126
WC711751,0.02966333
WC711752,0.47328319
WC711753,0.00066525
WC711754,0.00234181
WC711755,0.03788517
WC711756,0.01488075
WC711757,0.00032954
WC711758,0.00160262
WC711759,0.00512455
WC711760,0.04553705
WC711761,0.00068456
WC711762,0.00211599
WC711763,0.00109988
WC711764,0.00298852
WC711765,0.0123683
WC711766,0.00205543
WC711767,0.50587298
WC711768,0.05558728
WC711769,0.00038846
WC711770,0.00367646
WC711771,0.00183668
WC711772,0.00145231
WC711773,0.01901523
WC711774,0.01094015
WC711775,0.01776594
WC711776,0.00028719
WC711777,0.00232365
WC711778,0.00955439
WC711779,0.00182093
WC711780,0.00071648
WC711781,0.00336311
WC711782,0.00345639
WC711783,0.00311593
WC711784,0.00080773
WC711785,0.00573761
WC711786,0.00267124
WC711787,0.00678673
WC711788,0.00300656
WC711789,0.00050788
WC711790,0.01255777
WC711791,0.00199172
WC711792,0.00108536
WC711793,0.00360772
WC711794,0.02747798
WC711795,0.07755163
WC711796,0.0008904
WC711797,0.00147242
WC711798,0.00065229
WC711799,0.00276876
WC711800,0.01312495
WC711801,0.00249016
WC711802,0.04255339
WC711803,0.00800469
WC711804,0.00059495
WC711805,0.01136021
WC711806,0.0970762
WC711807,0.00040087
WC711808,0.00802954
WC711809,0.01130296
WC711810,0.83090333
WC711811,0.00075161
WC711812,0.00776311
WC711813,0.00067315
WC711814,0.01632346
WC711815,0.00190156
WC711816,0.04003475
WC711817,0.00021848
WC711818,0.47062909
WC711819,0.00120565
WC711820,0.02713826
WC711821,0.00664669
WC711822,0.00211696
WC711823,0.25769856
WC711824,0.00091767
WC711825,0.012761
WC711826,0.00030743
WC711827,0.00501974
WC711828,6.456e-05
WC711829,0.00153266
WC711830,0.00236921
WC711831,0.02180532
WC711832,0.003392
WC711833,0.00172683
WC711834,0.00190695
WC711835,0.00024829
WC711836,0.00500601
WC711837,0.00156851
WC711838,0.00242963
WC711839,0.00667214
WC711840,0.01797247
WC711841,0.0170701
WC711842,0.00131409
WC711843,0.01405328
WC711844,0.01419539
WC711845,0.00252934
WC711846,0.00578553
WC711847,0.00189722
WC711848,0.00104225
WC711849,0.00019355
WC711850,0.00207313
WC711851,0.0058347
WC711852,0.00389701
WC711853,0.00026769
WC711854,0.00102943
WC711855,0.00272407
WC711856,0.00087127
WC711857,0.00298894
WC711858,0.0003683
WC711859,0.00039128
WC711860,0.00838094
WC711861,0.55748596
WC711862,0.00040773
WC711863,0.00263249
WC711864,0.00105208
WC711865,0.02183453
WC711866,0.00189286
WC711867,0.02231072
WC711868,0.00758437
WC711869,0.00206234
WC711870,0.01115993
WC711871,9.474e-05
WC711872,3.402e-05
WC711873,0.00193848
WC711874,0.00100876
WC711875,0.00043929
WC711876,0.00040609
WC711877,0.00282941
WC711878,0.00134234
WC711879,0.01320857
WC711880,0.00045999
WC711881,0.00429658
WC711882,0.00692292
WC711883,0.00051758
WC711884,0.00340238
WC711885,0.01279104
WC711886,0.00116152
WC711887,0.96887494
WC711888,0.10484192
WC711889,0.00042471
WC711890,0.00386326
WC711891,0.00078245
WC711892,0.00093587
WC711893,0.0002389
WC711894,0.00384115
WC711895,0.0025267
WC711896,0.00183249
WC711897,0.00492203
WC711898,0.06835249
WC711899,0.00611302
WC711900,0.00053929
WC711901,0.00029981
WC711902,0.00374985
WC711903,0.00139187
WC711904,0.00323954
WC711905,0.01311885
WC711906,0.00713477
WC711907,0.43406958
WC711908,0.63749713
WC711909,0.00046327
WC711910,0.00324719
WC711911,5.451e-05
WC711912,0.0009714
WC711913,0.00296047
WC711914,0.00166181
WC711915,0.00224637
WC711916,0.00028861
WC711917,0.02443585
WC711918,0.01637244
WC711919,0.00240274
WC711920,0.0062349
WC711921,0.00069125
WC711922,0.00050098
WC711923,0.00497497
WC711924,0.00300154
WC711925,0.00395316
WC711926,0.00103579
WC711927,0.00337877
WC711928,0.01252266
WC711929,0.00016363
WC711930,0.00372982
WC711931,0.00443632
WC711932,0.00112806
WC711933,0.00532561
WC711934,0.0001179
WC711935,0.2721293
WC711936,0.00436045
WC711937,0.00287694
WC711938,0.00198027
WC711939,0.0104537
WC711940,0.02889456
WC711941,0.00184874
WC711942,0.01314808
WC711943,0.00376667
WC711944,0.00617312
WC711945,0.00042757
WC711946,0.78568449
WC711947,0.00712976
WC711948,0.02003789
WC711949,0.00025276
WC711950,0.12514626
WC711951,0.00054205
WC711952,0.00117881
WC711953,0.00225251
WC711954,0.00190027
WC711955,0.00857471
WC711956,0.00280589
WC711957,0.0025503
WC711958,0.00231676
WC711959,0.00300787
WC711960,0.12918814
WC711961,0.00930411
WC711962,0.00574458
WC711963,0.031824
WC711964,0.068176
WC711965,0.00202477
WC711966,0.00022298
WC711967,0.00473501
WC711968,0.0001482
WC711969,0.00473726
WC711970,0.00172245
WC711971,0.00584084
WC711972,0.00135152
WC711973,0.00030853
WC711974,0.0034287
WC711975,0.00555583
WC711976,0.13868402
WC711977,0.00154674
WC711978,0.00270233
WC711979,0.00055736
WC711980,0.00034249
WC711981,0.00108501
WC711982,0.00960975
WC711983,0.00197228
WC711984,0.89050529
WC711985,0.00230023
WC711986,0.00198691
WC711987,0.03235759
WC711988,0.0020139
WC711989,0.00477884
WC711990,0.00290354
WC711991,0.03014203
WC711992,0.00028132
WC711993,0.01784721
WC711994,0.00109086
WC711995,0.00064548
WC711996,0.02094811
WC711997,0.00576003
WC711998,0.00042258
WC711999,0.00124926
WC712000,0.06113218
WC712001,0.00105719
WC712002,0.0017877
WC712003,0.00203836
WC712004,0.00300152
WC712005,0.00047146
WC712006,0.00211336
WC712007,3.837e-05
WC712008,0.03256303
WC712009,0.0058125
WC712010,0.00660497
WC712011,0.00133905
WC712012,0.35340727
WC712013,0.00142215
WC712014,0.0005036
WC712015,0.02106955
WC712016,0.00038092
WC712017,0.00140695
WC712018,0.00522667
WC712019,0.00158404
WC712020,0.00397382
WC712021,0.05967251
WC712022,0.0010851
WC712023,0.00300542
WC712024,0.0098969
WC712025,0.06175901
WC712026,0.00226946
WC712027,0.53837505
WC712028,0.00030469
WC712029,0.00116634
WC712030,0.00144289
WC712031,0.00517055
WC712032,0.04072592
WC712033,0.00114661
WC712034,0.00486782
WC712035,0.00058939
WC712036,0.0028978
WC712037,0.00761984
WC712038,0.00153191
WC712039,0.10087548
WC712040,0.00318301
WC712041,0.00028696
WC712042,0.00038119
WC712043,0.00344816
WC712044,0.00117301
WC712045,0.00322271
WC712046,0.00657888
WC712047,0.01486201
WC712048,0.00016373
WC712049,0.0013499
WC712050,0.00112472
WC712051,0.03018914
WC712052,0.00153543
WC712053,0.00808586
WC712054,0.00640076
WC712055,9.191e-05
WC712056,0.00024639
WC712057,0.01004348
WC712058,0.00260122
WC712059,0.00604109
WC712060,0.00078904
WC712061,0.00045964
WC712062,0.00404073
WC712063,0.00016868
WC712064,0.00234555
WC712065,0.00082517
WC712066,0.00052233
WC712067,0.04066218
WC712068,0.00801206
WC712069,0.00194272
WC712070,0.00020725
WC712071,0.00048141
WC712072,0.00037745
WC712073,0.03136479
WC712074,0.00113906
WC712075,0.00041493
WC712076,0.04878009
WC712077,0.00047736
WC712078,0.00381263
WC712079,0.00811723
WC712080,0.08542197
WC712081,0.00096067
WC712082,0.00259192
WC712083,0.00300342
WC712084,0.00432129
WC712085,0.00130127
WC712086,0.13017848
WC712087,0.00519241
WC712088,0.00241536
WC712089,3.624e-05
WC712090,0.00077333
WC712091,0.00597081
WC712092,0.79564117
WC712093,0.00532783
WC712094,0.00139866
WC712095,0.00216608
WC712096,0.00045336
WC712097,0.00514998
WC712098,0.00090322
WC712099,0.00104639
WC712100,0.02934839
WC712101,0.00284573
WC712102,0.00057894
WC712103,0.00623364
WC712104,0.03224724
WC712105,0.00114852
WC712106,0.00062549
WC712107,0.00657364
WC712108,0.00040004
WC712109,0.00592106
WC712110,0.03302757
WC712111,0.013445
WC712112,0.00379539
WC712113,0.00853796
WC712114,0.00202135
WC712115,0.00119996
WC712116,0.0006678
WC712117,0.02858474
WC712118,0.00475389
WC712119,0.06841959
WC712120,0.0052162
WC712121,0.00043991
WC712122,6.885e-05
WC712123,0.00391867
WC712124,0.00420901
WC712125,0.00129201
WC712126,0.00150819
WC712127,0.00043498
WC712128,0.89760295
WC712129,0.00289915
WC712130,0.00946665
WC712131,0.00346085
WC712132,0.00160237
WC712133,0.00185989
WC712134,0.00694559
WC712135,0.00190972
WC712136,0.0008463
WC712137,0.01171172
WC712138,0.22058383
WC712139,0.04695818
WC712140,0.00400933
WC712141,0.0033099
WC712142,0.00859586
WC712143,0.00167528
WC712144,0.00012927
WC712145,0.0042726
WC712146,0.00091302
WC712147,0.00123003
WC712148,0.00086178
WC712149,2.524e-05
WC712150,0.00053474
WC712151,0.00113855
WC712152,0.0322921
WC712153,0.00133425
WC712154,0.0099513
WC712155,0.00015302
WC712156,0.06824561
WC712157,0.00068446
WC712158,0.0064154
WC712159,0.09118374
WC712160,0.00049916
WC712161,0.00033266
WC712162,0.00016897
WC712163,0.01079568
WC712164,0.00016701
WC712165,0.00058423
WC712166,0.00064728
WC712167,0.00927936
WC712168,0.00933347
WC712169,0.00474228
WC712170,0.00638084
WC712171,0.0048777
WC712172,0.10412746
WC712173,0.02840029
WC712174,0.01568666
WC712175,0.13980469
WC712176,0.00010519
WC712177,0.00332621
WC712178,0.00469015
WC712179,0.05490075
WC712180,0.91629604
WC712181,0.01438639
WC712182,0.00079762
WC712183,0.00028758
WC712184,0.03246793
WC712185,0.03099312
WC712186,0.68776464
WC712187,0.03633599
WC712188,0.00241892
WC712189,0.00478666
WC712190,0.00206867
WC712191,0.00129743
WC712192,0.00444507
WC712193,0.00153499
WC712194,0.000782
WC712195,0.00057285
WC712196,0.00028198
WC712197,0.00144912
WC712198,0.00027187
WC712199,0.00186388
WC712200,0.01448633
WC712201,0.00229935
WC712202,0.00014579
WC712203,0.0064212
WC712204,0.00190724
WC712205,0.02027173
WC712206,0.00010531
WC712207,0.00012867
WC712208,0.00184467
WC712209,0.00084248
WC712210,0.00235963
WC712211,0.00230066
WC712212,0.00035994
WC712213,0.00549727
WC712214,0.00164994
WC712215,0.00178674
WC712216,0.00099237
WC712217,0.00039893
WC712218,0.0015447
WC712219,0.01397942
WC712220,0.00064972
WC712221,0.04385193
WC712222,0.01819853
WC712223,0.00094016
WC712224,0.01499368
WC712225,0.02103893
WC712226,0.64385982
WC712227,0.03205662
WC712228,0.38514364
WC712229,7.81e-05
WC712230,0.0024561
WC712231,0.00067048
WC712232,0.02210713
WC712233,0.00027872
WC712234,0.0222131
WC712235,0.0561102
WC712236,0.00349859
WC712237,0.00322724
WC712238,0.00174987
WC712239,0.00214901
WC712240,0.0018236
WC712241,0.00116041
WC712242,0.0011272
WC712243,0.00098309
WC712244,0.00841773
WC712245,0.00414545
WC712246,0.0006742
WC712247,9.687e-05
WC712248,0.00758926
WC712249,0.00065334
WC712250,0.0304114
WC712251,0.0004642
WC712252,0.47068684
WC712253,0.00270382
WC712254,0.10254673
WC712255,0.00164182
WC712256,0.00063563
WC712257,0.00065831
WC712258,0.01497674
WC712259,0.00095573
WC712260,0.00109085
WC712261,0.01609475
WC712262,0.01196689
WC712263,0.00038905
WC712264,0.00156249
WC712265,0.0218973
WC712266,0.00469277
WC712267,0.00409807
WC712268,0.00657723
WC712269,0.00087309
WC712270,0.00630145
WC712271,0.01998708
WC712272,0.00284664
WC712273,0.04119046
WC712274,0.00365705
WC712275,0.00493127
WC712276,0.00619898
WC712277,0.00033665
WC712278,0.00144716
WC712279,0.00722106
WC712280,0.01154908
WC712281,0.00114147
WC712282,0.00273243
WC712283,0.02614988
WC712284,0.00529683
WC712285,0.00061424
WC712286,0.00190143
WC712287,0.00259238
WC712288,0.01043112
WC712289,0.05959359
WC712290,0.00711982
WC712291,0.00019191
WC712292,0.00518496
WC712293,0.00242512
WC712294,0.06305471
WC712295,0.03477285
WC712296,0.00802431
WC712297,0.00062172
WC712298,0.00063915
WC712299,0.00147036
WC712300,0.00193637
WC712301,0.00907562
WC712302,0.00022069
WC712303,0.02022444
WC712304,0.0168367
WC712305,3.069e-05
WC712306,0.00994497
WC712307,0.00111145
WC712308,0.14396083
WC712309,0.00026923
WC712310,0.00331455
WC712311,0.00055869
WC712312,0.0100915
WC712313,0.00048381
WC712314,0.00159752
WC712315,0.00289456
WC712316,0.00581
WC712317,0.00297454
WC712318,0.01231232
WC712319,0.00265877
WC712320,0.0060378
WC712321,0.00523492
WC712322,0.00458053
WC712323,0.00313898
WC712324,0.00832086
WC712325,0.00851609
WC712326,0.00648033
WC712327,0.00054808
WC712328,0.00145841
WC712329,0.61912451
WC712330,0.01886458
WC712331,8.44e-05
WC712332,0.00072285
WC712333,0.00532419
WC712334,0.00725579
WC712335,0.00199546
WC712336,0.00473221
WC712337,0.01331296
WC712338,0.00127993
WC712339,0.00333572
WC712340,0.00264509
WC712341,0.00627854
WC712342,0.06080386
WC712343,0.01432262
WC712344,0.00304113
WC712345,0.00083417
WC712346,0.01692914
WC712347,0.57442832
WC712348,0.00139933
WC712349,0.00494922
WC712350,0.00033057
WC712351,0.00118132
WC712352,0.00526873
WC712353,0.0075049
WC712354,0.00886399
WC712355,9.933e-05
WC712356,0.01746009
WC712357,3.036e-05
WC712358,0.33444145
WC712359,0.00138937
WC712360,0.00136458
WC712361,0.00077888
WC712362,0.00046227
WC712363,0.00038155
WC712364,0.00590158
WC712365,0.06168
WC712366,0.00031294
WC712367,0.00191314
WC712368,0.00289775
WC712369,0.0586372
WC712370,0.00782584
WC712371,0.00275614
WC712372,0.00046385
WC712373,0.01489437
WC712374,0.00232249
WC712375,0.00095914
WC712376,0.00420727
WC712377,0.00092873
WC712378,0.06194026
WC712379,0.00013386
WC712380,0.46223182
WC712381,0.22116254
WC712382,0.03622271
WC712383,0.00017177
WC712384,0.07641664
WC712385,0.00050854
WC712386,8.608e-05
WC712387,0.02092803
WC712388,0.01623577
WC712389,0.00838377
WC712390,0.01937045
WC712391,0.00846885
WC712392,0.00339031
WC712393,0.00463722
WC712394,0.00012945
WC712395,0.0050417
WC712396,0.00800386
WC712397,0.01843209
WC712398,0.00088697
WC712399,0.00040939
WC712400,0.90234191
WC712401,0.01147618
WC712402,0.14464717
WC712403,0.00136128
WC712404,0.00319717
WC712405,0.0098487
WC712406,0.00324153
WC712407,0.00334538
WC712408,0.02209857
WC712409,0.04812703
WC712410,0.00355941
WC712411,0.00235773
WC712412,0.00531455
WC712413,0.0033417
WC712414,0.07679804
WC712415,0.00299149
WC712416,0.00043137
WC712417,0.00163836
WC712418,0.00290147
WC712419,0.00044845
WC712420,0.05381535
WC712421,0.00281631
WC712422,0.00212718
WC712423,0.0017362
WC712424,0.00388909
WC712425,0.02190814
WC712426,0.00399849
WC712427,0.00148615
WC712428,0.0077443
WC712429,0.00060059
WC712430,0.01211765
WC712431,0.00518357
WC712432,0.02861482
WC712433,0.00012981
WC712434,0.00189433
WC712435,0.08520623
WC712436,0.00160517
WC712437,0.00054205
WC712438,0.00026124
WC712439,0.01175271
WC712440,0.00383149
WC712441,0.0011218
WC712442,0.00657889
WC712443,5.334e-05
WC712444,0.01271812
WC712445,0.00248987
WC712446,0.0083581
WC712447,0.00111744
WC712448,0.0010151
WC712449,0.00393493
WC712450,0.00403823
WC712451,0.00137036
WC712452,0.05002782
WC712453,0.00394559
WC712454,0.00133534
WC712455,0.06889599
WC712456,0.00048342
WC712457,0.00065848
WC712458,0.00421654
WC712459,0.0004779
WC712460,0.00206247
WC712461,0.00983988
WC712462,0.00248452
WC712463,0.02795892
WC712464,0.00473833
WC712465,0.05333111
WC712466,0.04391749
WC712467,0.01147513
WC712468,0.00539627
WC712469,0.00490717
WC712470,0.00468105
WC712471,0.02391776
WC712472,0.00356602
WC712473,0.00344939
WC712474,0.15732745
WC712475,0.00023502
WC712476,0.00110518
WC712477,0.48551123
WC712478,0.11409114
WC712479,0.00541154
WC712480,0.05105098
WC712481,0.0017192
WC712482,0.07294868
WC712483,0.00341035
WC712484,0.04820562
WC712485,0.00044556
WC712486,0.08026133
WC712487,0.01295242
WC712488,0.004168
WC712489,0.00390438
WC712490,0.01245547
WC712491,0.07175407
WC712492,0.00123581
WC712493,0.6742854
WC712494,0.00046127
WC712495,0.00830766
WC712496,0.00058724
WC712497,0.00061176
WC712498,0.00251954
WC712499,0.01267328
WC712500,3.411e-05
WC712501,7.229e-05
WC712502,0.02066394
WC712503,0.02702288
WC712504,0.00399952
WC712505,0.00530436
WC712506,0.02529316
WC712507,0.0068361
WC712508,0.00806204
WC712509,0.00259455
WC712510,0.00914201
WC712511,0.0010028
WC712512,0.00417085
WC712513,0.01723883
WC712514,0.00265848
WC712515,0.00109745
WC712516,0.00071329
WC712517,0.00301596
WC712518,0.00020772
WC712519,0.00509244
WC712520,0.00100618
WC712521,0.00026338
WC712522,0.00303415
WC712523,0.00071033
WC712524,0.00044245
WC712525,0.00479683
WC712526,0.04080937
WC712527,0.0051669
WC712528,0.00089722
WC712529,0.00047103
WC712530,0.00206858
WC712531,0.00273659
WC712532,0.00517714
WC712533,0.01795986
WC712534,0.00020679
WC712535,0.01982029
WC712536,0.00155856
WC712537,0.00480854
WC712538,0.03347854
WC712539,0.00217039
WC712540,0.00014305
WC712541,0.00133062
WC712542,0.00015776
WC712543,0.00159612
WC712544,0.00076911
WC712545,3.796e-05
WC712546,0.00756251
WC712547,6.821e-05
WC712548,0.00506144
WC712549,0.00376809
WC712550,0.00065837
WC712551,0.0010285
WC712552,0.0027044
WC712553,0.00482807
WC712554,0.00022526
WC712555,0.00030588
WC712556,0.01803161
WC712557,0.0003541
WC712558,0.00694006
WC712559,0.00739311
WC712560,0.001824
WC712561,0.00047934
WC712562,0.00052721
WC712563,0.00093731
WC712564,0.00027668
WC712565,0.00564672
WC712566,0.00024556
WC712567,0.00397912
WC712568,0.00163855
WC712569,0.03861805
WC712570,0.00073741
WC712571,0.00207174
WC712572,0.00108732
WC712573,0.06611203
WC712574,0.0009237
WC712575,0.01566756
WC712576,0.00113963
WC712577,0.00017936
WC712578,0.08672327
WC712579,0.00566623
WC712580,0.00124532
WC712581,0.00912992
WC712582,0.00332509
WC712583,0.00867642
WC712584,0.00519249
WC712585,0.00045424
WC712586,0.00177923
WC712587,0.00042604
WC712588,0.00055438
WC712589,0.01175275
WC712590,8.504e-05
WC712591,0.04221586
WC712592,0.00016772
WC712593,0.0030886
WC712594,0.00040369
WC712595,0.00490096
WC712596,0.00385263
WC712597,0.0010303
WC712598,0.00566153
WC712599,0.01157742
WC712600,0.00318174
WC712601,0.00091423
WC712602,0.00057438
WC712603,0.0005014
WC712604,0.00225302
WC712605,0.002468
WC712606,0.00167014
WC712607,0.00612555
WC712608,0.02698676
WC712609,0.00718605
WC712610,0.03719096
WC712611,0.0003177
WC712612,0.01525953
WC712613,0.00031874
WC712614,0.0012821
WC712615,0.00153114
WC712616,0.00124272
WC712617,0.00488334
WC712618,0.00210087
WC712619,0.00072003
WC712620,0.00086589
WC712621,0.00194688
WC712622,0.00171088
WC712623,0.00700463
WC712624,0.07159609
WC712625,0.00128207
WC712626,0.00039236
WC712627,0.00255248
WC712628,0.00903626
WC712629,0.00222643
WC712630,0.01737144
WC712631,0.01790817
WC712632,0.01275299
WC712633,0.00304442
WC712634,0.01156362
WC712635,0.0026146
WC712636,0.00070837
WC712637,0.00032709
WC712638,0.00060421
WC712639,0.00049167
WC712640,0.75924216
WC712641,0.00184237
WC712642,0.05798741
WC712643,0.00199434
WC712644,0.20049634
WC712645,0.00405584
WC712646,0.00123779
WC712647,0.00340218
WC712648,0.01698074
WC712649,0.00351434
WC712650,0.00078766
WC712651,0.00219675
WC712652,0.00367455
WC712653,0.00016868
WC712654,0.00243408
WC712655,0.00153871
WC712656,0.00575578
WC712657,0.00011976
WC712658,0.0074308
WC712659,0.66750411
WC712660,0.02553264
WC712661,0.04666332
WC712662,0.00027694
WC712663,0.00695718
WC712664,0.00147458
WC712665,0.16881333
WC712666,0.00060275
WC712667,0.02041405
WC712668,0.0022994
WC712669,0.64971607
WC712670,0.00376287
WC712671,0.03170658
WC712672,0.00738874
WC712673,0.00362818
WC712674,0.02320299
WC712675,0.00355097
WC712676,0.21443555
WC712677,0.00439807
WC712678,0.00333079
WC712679,0.0038469
WC712680,0.0012889
WC712681,0.0430027
WC712682,0.00028353
WC712683,0.0007679
WC712684,0.00073837
WC712685,0.00052749
WC712686,0.00018336
WC712687,0.00010908
WC712688,0.00116054
WC712689,0.00060749
WC712690,0.00069622
WC712691,0.00068047
WC712692,0.07922274
WC712693,0.00874153
WC712694,0.00298422
WC712695,0.00078865
WC712696,0.00130983
WC712697,0.03283791
WC712698,0.00999519
WC712699,0.00068475
WC712700,0.01627812
WC712701,0.00022898
WC712702,0.00550595
WC712703,0.00037439
WC712704,0.0001107
WC712705,0.003326
WC712706,0.02825309
WC712707,0.00045103
WC712708,0.00228582
WC712709,0.00267639
WC712710,9.407e-05
WC712711,0.00052413
WC712712,0.00353084
WC712713,0.00346785
WC712714,0.00082698
WC712715,0.00980581
WC712716,0.00020513
WC712717,0.00583876
WC712718,0.0017003
WC712719,0.00836671
WC712720,0.01251147
WC712721,0.02637099
WC712722,0.00048522
WC712723,0.00090441
WC712724,0.61879282
WC712725,0.00184573
WC712726,0.00626235
WC712727,0.00061566
WC712728,0.01865162
WC712729,0.0009478
WC712730,0.0028762
WC712731,0.00162371
WC712732,0.00016101
WC712733,0.00585871
WC712734,0.26210957
WC712735,0.50497854
WC712736,0.00359752
WC712737,0.00368652
WC712738,0.00036156
WC712739,0.48241281
WC712740,6.192e-05
WC712741,0.00602489
WC712742,0.00804076
WC712743,0.0010645
WC712744,0.00046658
WC712745,0.00042614
WC712746,0.00120362
WC712747,0.00193621
WC712748,0.06284566
WC712749,0.01723342
WC712750,0.00411708
WC712751,0.04309703
WC712752,0.01431454
WC712753,0.00025196
WC712754,0.45601498
WC712755,0.00337951
WC712756,0.00068714
WC712757,0.00118304
WC712758,0.00297853
WC712759,0.00066178
WC712760,0.00259977
WC712761,0.00011898
WC712762,0.00069039
WC712763,0.00504634
WC712764,0.00177242
WC712765,0.00079243
WC712766,0.01618756
WC712767,0.00985926
WC712768,0.00872024
WC712769,0.00264656
WC712770,0.00843633
WC712771,0.00125884
WC712772,0.00117698
WC712773,0.00030878
WC712774,0.00167958
WC712775,0.02036518
WC712776,0.03000072
WC712777,0.00320185
WC712778,0.01109107
WC712779,0.00270356
WC712780,0.6785875
WC712781,0.00184755
WC712782,0.00102657
WC712783,0.00391641
WC712784,0.00656758
WC712785,0.00371393
WC712786,0.88670133
WC712787,0.00209788
WC712788,0.002156
WC712789,0.0021902
WC712790,0.00727343
WC712791,0.00130684
WC712792,0.00141993
WC712793,0.00293328
WC712794,0.00857542
WC712795,0.00726348
WC712796,0.00842331
WC712797,0.00076222
WC712798,0.00140466
WC712799,0.00870178
WC712800,0.00673899
WC712801,0.14730488
WC712802,0.00270661
WC712803,0.00098711
WC712804,0.01296972
WC712805,0.00342168
WC712806,0.54630553
WC712807,0.00837584
WC712808,0.00371723
WC712809,0.00363074
WC712810,0.07646458
WC712811,0.00118562
WC712812,0.74648332
WC712813,0.23655123
WC712814,0.06689128
WC712815,0.00405023
WC712816,0.00224152
WC712817,0.01008855
WC712818,0.00619691
WC712819,0.00081818
WC712820,0.00461134
WC712821,0.0143588
WC712822,0.00363581
WC712823,0.00774655
WC712824,0.00075241
WC712825,0.00049012
WC712826,0.00107749
WC712827,0.00055475
WC712828,0.01080005
WC712829,0.01720708
WC712830,0.00548936
WC712831,0.01054927
WC712832,0.71823121
WC712833,0.1350484
WC712834,0.00922427
WC712835,0.02339951
WC712836,0.00291292
WC712837,0.00034816
WC712838,0.00836527
WC712839,3.791e-05
WC712840,0.04062938
WC712841,0.00243045
WC712842,0.00506023
WC712843,0.03140629
WC712844,0.07402939
WC712845,0.00324428
WC712846,0.02134599
WC712847,0.00436644
WC712848,0.00038112
WC712849,0.00145895
WC712850,0.00212819
WC712851,0.00956959
WC712852,0.0065883
WC712853,0.01395191
WC712854,0.00126091
WC712855,0.01063229
WC712856,0.00035056
WC712857,0.00047391
WC712858,0.00970585
WC712859,0.00072768
WC712860,0.00198504
WC712861,0.00037082
WC712862,0.07233159
WC712863,0.00514168
WC712864,0.0043039
WC712865,0.00608243
WC712866,0.00766185
WC712867,0.00108179
WC712868,0.00041005
WC712869,0.002188
WC712870,0.00167492
WC712871,0.00024365
WC712872,0.00048037
WC712873,0.00047925
WC712874,0.00092543
WC712875,0.00505808
WC712876,0.00222399
WC712877,0.0064156
WC712878,0.00481874
WC712879,0.00322168
WC712880,0.0044494
WC712881,0.02944119
WC712882,0.00270649
WC712883,0.02760046
WC712884,0.00141176
WC712885,0.00077726
WC712886,0.03013881
WC712887,0.00432924
WC712888,0.00243276
WC712889,0.00061023
WC712890,0.00136745
WC712891,0.00282304
WC712892,0.02188836
WC712893,0.0012434
WC712894,0.00363962
WC712895,0.00678908
WC712896,0.02628507
WC712897,0.00112082
WC712898,0.00879334
WC712899,0.04663613
WC712900,0.1037502
WC712901,0.00519952
WC712902,0.00955926
WC712903,0.00099124
WC712904,0.00223528
WC712905,0.00238319
WC712906,0.00934821
WC712907,0.87468921
WC712908,0.02480493
WC712909,0.00177013
WC712910,0.00560434
WC712911,0.00052031
WC712912,0.00379913
WC712913,0.00566595
WC712914,0.00149972
WC712915,0.00094383
WC712916,0.00703157
WC712917,0.00381608
WC712918,0.70695749
WC712919,0.00326567
WC712920,0.00496948
WC712921,0.69182329
WC712922,0.03167811
WC712923,0.02315144
WC712924,0.04959601
WC712925,0.00547231
WC712926,0.08042313
WC712927,0.00884626
WC712928,0.00800284
WC712929,0.00535941
WC712930,0.04623272
WC712931,8.643e-05
WC712932,0.00050493
WC712933,0.09218408
WC712934,0.00102893
WC712935,0.00011561
WC712936,0.00238423
WC712937,0.01634963
WC712938,0.52050384
WC712939,0.00240926
WC712940,0.005468
WC712941,0.00278294
WC712942,0.00471062
WC712943,0.05346539
WC712944,0.0160423
WC712945,0.00046028
WC712946,0.00227531
WC712947,0.01600651
WC712948,0.011406
WC712949,0.0035226
WC712950,0.00038771
WC712951,0.01448074
WC712952,0.00534393
WC712953,0.00073217
WC712954,0.00475108
WC712955,0.0666474
WC712956,0.03345754
WC712957,0.00161248
WC712958,0.0029461
WC712959,0.00015799
WC712960,0.00720139
WC712961,0.0131012
WC712962,0.00121287
WC712963,0.01288944
WC712964,0.00010442
WC712965,0.00053123
WC712966,0.00119359
WC712967,0.00155508
WC712968,7.821e-05
WC712969,0.00331422
WC712970,0.00034934
WC712971,7.542e-05
WC712972,0.72869899
WC712973,0.0001054
WC712974,0.01616382
WC712975,0.0055144
WC712976,0.00554057
WC712977,0.00786169
WC712978,0.0659878
WC712979,0.14651717
WC712980,0.00678652
WC712981,0.00103729
WC712982,0.01235414
WC712983,0.00465282
WC712984,0.00263424
WC712985,0.00326483
WC712986,0.00216153
WC712987,0.01687005
WC712988,0.01948178
WC712989,0.00213638
WC712990,0.04368961
WC712991,0.00260313
WC712992,0.00579333
WC712993,0.0001017
WC712994,0.00466704
WC712995,0.04817145
WC712996,0.00073682
WC712997,0.00735715
WC712998,0.00131057
WC712999,0.0107588
WC713000,0.02576247
WC713001,0.00582332
WC713002,0.00030854
WC713003,0.00151959
WC713004,0.00722044
WC713005,0.00854452
WC713006,0.0049334
WC713007,0.00131027
WC713008,0.0016075
WC713009,0.00350701
WC713010,0.00026572
WC713011,0.00101152
WC713012,0.00030516
WC713013,6.015e-05
WC713014,0.0001528
WC713015,0.00329925
WC713016,0.00126097
WC713017,0.00735016
WC713018,0.00503679
WC713019,0.00239211
WC713020,0.34325317
WC713021,0.00288686
WC713022,0.00172423
WC713023,0.00067514
WC713024,0.00047701
WC713025,0.0004521
WC713026,0.00101504
WC713027,0.12186583
WC713028,0.01947541
WC713029,0.56284234
WC713030,0.03154078
WC713031,0.00114794
WC713032,0.15376179
WC713033,7.432e-05
WC713034,0.00733812
WC713035,0.00021851
WC713036,0.05988633
WC713037,0.00045166
WC713038,0.00271007
WC713039,0.00084791
WC713040,0.76625272
WC713041,0.00062668
WC713042,1.578e-05
WC713043,0.00837292
WC713044,0.00139037
WC713045,0.00023476
WC713046,0.00020721
WC713047,0.00030047
WC713048,0.02236483
WC713049,0.0033494
WC713050,0.01593159
WC713051,0.00054735
WC713052,0.39434501
WC713053,0.00412788
WC713054,0.00120266
WC713055,0.0039015
WC713056,0.68481493
WC713057,0.03817096
WC713058,0.69386115
WC713059,0.00344532
WC713060,0.00056501
WC713061,0.00051484
WC713062,0.00247422
WC713063,0.00151376
WC713064,0.00123966
WC713065,0.0012632
WC713066,0.00156105
WC713067,0.00121728
WC713068,0.00881534
WC713069,0.00107231
WC713070,0.00083639
WC713071,0.04084911
WC713072,0.006322
WC713073,0.00130691
WC713074,0.00934251
WC713075,0.01219219
WC713076,0.00422278
WC713077,0.00238481
WC713078,0.00127678
WC713079,0.04524786
WC713080,0.00022646
WC713081,0.00271784
WC713082,0.00098631
WC713083,0.0040034
WC713084,0.00708411
WC713085,0.00168539
WC713086,0.00096304
WC713087,0.02766987
WC713088,0.00063071
WC713089,0.00356978
WC713090,0.00044529
WC713091,0.00333149
WC713092,0.01065457
WC713093,0.00100029
WC713094,0.0003144
WC713095,0.00038005
WC713096,0.00406024
WC713097,0.00285967
WC713098,0.41788067
WC713099,0.00758814
WC713100,0.02462775
WC713101,0.00270696
WC713102,0.00083097
WC713103,0.00026106
WC713104,0.10401768
WC713105,0.00034991
WC713106,0.00665054
WC713107,0.02630975
WC713108,0.00071212
WC713109,0.00138609
WC713110,0.00094738
WC713111,0.00189247
WC713112,0.00120325
WC713113,0.000758
WC713114,8.839e-05
WC713115,0.00479094
WC713116,0.00121778
WC713117,0.68175021
WC713118,0.17322609
WC713119,0.00935321
WC713120,0.0339766
WC713121,0.00107021
WC713122,0.55249127
WC713123,0.00393329
WC713124,0.00466294
WC713125,0.02639364
WC713126,0.00082694
WC713127,0.00338324
WC713128,0.00398025
WC713129,0.00214167
WC713130,0.01199887
WC713131,0.0020754
WC713132,0.00071806
WC713133,0.01254038
WC713134,0.09611455
WC713135,0.00145706
WC713136,0.01121049
WC713137,0.00613632
WC713138,0.04154075
WC713139,0.00225199
WC713140,0.54852027
WC713141,0.00958005
WC713142,5.419e-05
WC713143,0.00055458
WC713144,0.0018435
WC713145,0.00220673
WC713146,0.00120904
WC713147,0.0529927
WC713148,0.00181738
WC713149,0.01099068
WC713150,0.03036207
WC713151,0.00034484
WC713152,0.00053412
WC713153,0.00069395
WC713154,0.00138832
WC713155,0.18528812
WC713156,0.0110033
WC713157,0.04251709
WC713158,0.0013524
WC713159,0.03431461
WC713160,0.07914276
WC713161,0.00563778
WC713162,0.00149106
WC713163,0.00464833
WC713164,0.00049415
WC713165,0.00067957
WC713166,0.00023937
WC713167,0.00139257
WC713168,0.00014
WC713169,0.00029493
WC713170,0.00178467
WC713171,0.0062718
WC713172,0.0006657
WC713173,0.00909109
WC713174,0.01052663
WC713175,0.00433637
WC713176,0.00248375
WC713177,0.00024451
WC713178,0.00026728
WC713179,0.00657756
WC713180,0.00114743
WC713181,0.00621408
WC713182,0.0080432
WC713183,0.00088721
WC713184,0.00064546
WC713185,0.00642024
WC713186,0.00054846
WC713187,0.00121524
WC713188,0.00122843
WC713189,0.00275638
WC713190,0.00280056
WC713191,0.72721131
WC713192,0.00195245
WC713193,0.01708284
WC713194,0.01603158
WC713195,0.0009361
WC713196,0.03037066
WC713197,0.02444506
WC713198,0.00098439
WC713199,0.02604066
WC713200,0.01136935
WC713201,0.00200205
WC713202,0.00022176
WC713203,0.00886311
WC713204,0.00552861
WC713205,0.01663753
WC713206,0.00115995
WC713207,0.00755749
WC713208,0.00018942
WC713209,0.00030497
WC713210,0.00155284
WC713211,0.00527619
WC713212,0.00165791
WC713213,0.0599742
WC713214,0.0017573
WC713215,0.00637235
WC713216,0.04317946
WC713217,0.00037726
WC713218,0.00127946
WC713219,0.00563615
WC713220,0.00835648
WC713221,0.00117514
WC713222,0.40356122
WC713223,0.15348272
WC713224,0.67810631
WC713225,0.02869968
WC713226,0.00263106
WC713227,0.00045102
WC713228,0.03775149
WC713229,0.01885806
WC713230,0.00630005
WC713231,0.00182932
WC713232,0.00111004
WC713233,0.00094101
WC713234,6.46e-05
WC713235,0.00272055
WC713236,0.00125601
WC713237,0.00196097
WC713238,0.00723395
WC713239,0.0004407
WC713240,0.01227944
WC713241,0.00200387
WC713242,9.788e-05
WC713243,0.00044726
WC713244,0.0124387
WC713245,0.00032194
WC713246,0.01002726
WC713247,0.0082347
WC713248,0.00123559
WC713249,0.00219715
WC713250,0.13917547
WC713251,0.00088389
WC713252,0.00035657
WC713253,0.03143706
WC713254,0.00041143
WC713255,0.01046474
WC713256,0.00014099
WC713257,0.00272959
WC713258,0.00010264
WC713259,0.00117172
WC713260,0.02541231
WC713261,0.00209023
WC713262,0.01878395
WC713263,0.00095503
WC713264,0.09924158
WC713265,0.12055731
WC713266,0.00179207
WC713267,0.00022049
WC713268,0.00080441
WC713269,3.905e-05
WC713270,0.00238358
WC713271,0.00343676
WC713272,0.01115714
WC713273,0.00104196
WC713274,0.00092042
WC713275,0.00118957
WC713276,0.02216667
WC713277,0.00515913
WC713278,0.07618657
WC713279,0.00310227
WC713280,3.402e-05
WC713281,0.02975114
WC713282,0.00770818
WC713283,0.03176248
WC713284,0.0066129
WC713285,0.00352175
WC713286,0.00772882
WC713287,0.00194765
WC713288,0.00098534
WC713289,0.14700273
WC713290,0.00068913
WC713291,0.00075168
WC713292,0.02317919
WC713293,0.00149898
WC713294,0.00362556
WC713295,0.00746712
WC713296,0.0053152
WC713297,0.0001627
WC713298,0.0056974
WC713299,0.00347894
WC713300,0.03749726
WC713301,0.00306284
WC713302,0.02081959
WC713303,0.00038155
WC713304,0.03630585
WC713305,0.02385386
WC713306,0.00150979
WC713307,0.00946321
WC713308,0.0068523
WC713309,0.00153539
WC713310,0.00029647
WC713311,0.0005423
WC713312,0.00846047
WC713313,0.00113292
WC713314,0.00259761
WC713315,0.04825757
WC713316,0.02073891
WC713317,0.01018694
WC713318,0.00457017
WC713319,3.543e-05
WC713320,0.00046889
WC713321,0.00562371
WC713322,0.00043641
WC713323,0.0006981
WC713324,0.00077995
WC713325,0.02477328
WC713326,0.00360624
WC713327,0.00199174
WC713328,0.00392838
WC713329,0.00776881
WC713330,0.00275093
WC713331,0.0823867
WC713332,0.00059762
WC713333,0.01733352
WC713334,0.19487913
WC713335,0.00340492
WC713336,0.00512216
WC713337,0.00835453
WC713338,0.00370024
WC713339,0.00036221
WC713340,0.07169581
WC713341,0.11282114
WC713342,0.25951094
WC713343,0.00017225
WC713344,0.00197488
WC713345,0.00071944
WC713346,0.02044483
WC713347,0.00035956
WC713348,0.00925514
WC713349,0.01517805
WC713350,0.02107471
WC713351,0.03541129
WC713352,0.00420514
WC713353,0.00080427
WC713354,0.00184722
WC713355,0.00029869
WC713356,0.00286399
WC713357,0.00024231
WC713358,0.00093139
WC713359,0.00105732
WC713360,0.00238841
WC713361,0.00036446
WC713362,0.17334507
WC713363,0.00084025
WC713364,9.449e-05
WC713365,0.00069364
WC713366,0.00306295
WC713367,0.04619651
WC713368,0.00639534
WC713369,0.00049524
WC713370,0.00298541
WC713371,0.01087621
WC713372,0.01125961
WC713373,0.00060368
WC713374,4.148e-05
WC713375,0.027624
WC713376,0.00370206
WC713377,0.00996678
WC713378,0.00570375
WC713379,0.00174079
WC713380,0.00177713
WC713381,0.00055664
WC713382,0.00101903
WC713383,0.00051822
WC713384,0.00194184
WC713385,0.00636767
WC713386,0.0021135
WC713387,0.00177528
WC713388,0.00389067
WC713389,0.0003663
WC713390,0.00093783
WC713391,0.00149499
WC713392,0.39232725
WC713393,0.00087087
WC713394,0.00132442
WC713395,0.05372228
WC713396,0.00063972
WC713397,0.03472462
WC713398,0.00322745
WC713399,0.00039448
WC713400,0.00517203
WC713401,0.00783588
WC713402,0.00080529
WC713403,0.04721833
WC713404,0.00896014
WC713405,0.00027263
WC713406,0.00035154
WC713407,0.00105636
WC713408,0.00034772
WC713409,0.02112894
WC713410,0.00500273
WC713411,0.00027622
WC713412,0.00211651
WC713413,0.18909059
WC713414,0.01919058
WC713415,0.00432367
WC713416,0.00020811
WC713417,0.01919073
WC713418,0.39710958
WC713419,0.00441051
WC713420,0.00047067
WC713421,0.00509829
WC713422,0.00519402
WC713423,0.00508301
WC713424,0.02963833
WC713425,0.00214824
WC713426,0.04976243
WC713427,0.00011644
WC713428,0.00422173
WC713429,0.00033722
WC713430,0.00455909
WC713431,0.00292133
WC713432,0.00019517
WC713433,0.00147676
WC713434,0.00244476
WC713435,0.00023501
WC713436,0.00256152
WC713437,0.01061777
WC713438,0.00037771
WC713439,0.3463981
WC713440,0.00801162
WC713441,0.00014003
WC713442,0.00205096
WC713443,0.00855127
WC713444,0.00055251
WC713445,0.0317594
WC713446,0.00717599
WC713447,0.00108935
WC713448,0.00015592
WC713449,0.01868576
WC713450,0.00058028
WC713451,0.00339937
WC713452,0.09544541
WC713453,0.00182116
WC713454,0.00018147
WC713455,0.52903031
WC713456,0.01325964
WC713457,4.412e-05
WC713458,0.00827394
WC713459,0.00311014
WC713460,0.0033601
WC713461,0.00775508
WC713462,0.00455476
WC713463,0.00106215
WC713464,0.00031455
WC713465,0.00028354
WC713466,0.00101446
WC713467,0.00918509
WC713468,0.01486414
WC713469,0.00344017
WC713470,0.00096459
WC713471,0.0030581
WC713472,0.00634103
WC713473,0.6653165
WC713474,0.00089643
WC713475,0.00853783
WC713476,0.00049258
WC713477,0.00071353
WC713478,0.00080984
WC713479,0.00478799
WC713480,0.00051089
WC713481,0.00530407
WC713482,0.00409344
WC713483,0.00064227
WC713484,0.00119548
WC713485,0.07419351
WC713486,0.01237412
WC713487,0.00259668
WC713488,0.01121179
WC713489,0.00428541
WC713490,0.00017818
WC713491,0.00717405
WC713492,0.21217535
WC713493,0.00272844
WC713494,0.0102869
WC713495,0.00534059
WC713496,0.01117015
WC713497,0.87213264
WC713498,0.00020491
WC713499,0.00019956
WC713500,0.00141535
WC713501,0.00222856
WC713502,0.00729528
WC713503,0.00502296
WC713504,0.00210085
WC713505,0.01128835
WC713506,0.00118992
WC713507,0.18420823
WC713508,0.10209188
WC713509,0.00235967
WC713510,0.00397107
WC713511,0.00060322
WC713512,0.0119175
WC713513,0.00296777
WC713514,0.40624703
WC713515,0.26416954
WC713516,0.00671882
WC713517,0.00760938
WC713518,0.0022657
WC713519,0.01275154
WC713520,0.00243471
WC713521,0.00101056
WC713522,0.00204271
WC713523,0.05538733
WC713524,0.01035455
WC713525,0.00302787
WC713526,0.01598005
WC713527,0.00751681
WC713528,0.09864952
WC713529,0.01812593
WC713530,0.0172782
WC713531,0.00168474
WC713532,0.00380935
WC713533,0.00039523
WC713534,0.24800987
WC713535,9.839e-05
WC713536,0.0047716
WC713537,0.00024079
WC713538,0.01809143
WC713539,0.03432171
WC713540,0.00011667
WC713541,0.00037454
WC713542,0.0585685
WC713543,0.00203865
WC713544,0.00260581
WC713545,0.00063315
WC713546,0.27162003
WC713547,0.00135986
WC713548,0.00133453
WC713549,0.00029655
WC713550,0.00073895
WC713551,0.01299503
WC713552,0.03171455
WC713553,0.00042135
WC713554,8.302e-05
WC713555,0.00015537
WC713556,0.00148566
WC713557,0.00184293
WC713558,0.00900491
WC713559,0.01553669
WC713560,0.00078523
WC713561,7.429e-05
WC713562,0.00194931
WC713563,0.00022233
WC713564,0.00058917
WC713565,0.00986477
WC713566,0.00030056
WC713567,0.0016222
WC713568,0.00047746
WC713569,0.0063499
WC713570,0.00210595
WC713571,0.29761624
WC713572,0.00121558
WC713573,0.25594049
WC713574,0.00014074
WC713575,0.00054704
WC713576,0.00375665
WC713577,0.00605895
WC713578,0.01234015
WC713579,0.00196304
WC713580,0.00131323
WC713581,0.01059247
WC713582,0.0024711
WC713583,0.00211927
WC713584,0.00027388
WC713585,0.1397864
WC713586,0.00064937
WC713587,0.00265615
WC713588,7.474e-05
WC713589,0.00018773
WC713590,0.00294486
WC713591,0.00534923
WC713592,0.00201643
WC713593,0.00330724
WC713594,0.00500609
WC713595,0.03281673
WC713596,0.00498034
WC713597,0.00029412
WC713598,0.00335689
WC713599,0.00064557
